<?xml version="1.0" encoding="utf-8" standalone="no"?>
<installer-gui-script minSpecVersion="1">
    <title>Git Credential Manager</title>
    <background file="background.png" mime-type="image/png" alignment="bottomleft" scaling="tofit" />
    <options customize="never" hostArchitectures="x86_64" />
    <welcome file="welcome.html" mime-type="text/html" />
    <conclusion file="conclusion.html" mime-type="text/html" />
    <license file="LICENSE" />
    <volume-check>
        <allowed-os-versions>
            <os-version min="10.13" />
        </allowed-os-versions>
    </volume-check>
    <pkg-ref id="gcmcore" />
    <choices-outline>
        <line choice="default" />
    </choices-outline>
    <choice id="default" visible="true" enabled="false" title="Git Credential Manager" description="Git Credential Manager application.">
        <pkg-ref id="gcmcore">com.microsoft.gitcredentialmanager.component.pkg</pkg-ref>
    </choice>
</installer-gui-script>
